{
  "project_info": {
    "project_number": "1050478269945",
    "firebase_url": "https://test-6edd6.firebaseio.com",
    "project_id": "test-6edd6",
    "storage_bucket": "test-6edd6.appspot.com"
  },
  "client": [
    {
      "client_info": {
        "mobilesdk_app_id": "1:1050478269945:android:acc1e092d692f0c893d928",
        "android_client_info": {
          "package_name": "com.example.loginanimation"
        }
      },
      "oauth_client": [
        {
          "client_id": "1050478269945-4v5sn3omkft8pvq8g8a8i80r4f6crns5.apps.googleusercontent.com",
          "client_type": 3
        }
      ],
      "api_key": [
        {
          "current_key": "AIzaSyDnoJGyQ28fcIgdXL_hA9Ud9fOzhK0IncQ"
        }
      ],
      "services": {
        "appinvite_service": {
          "other_platform_oauth_client": [
            {
              "client_id": "1050478269945-4v5sn3omkft8pvq8g8a8i80r4f6crns5.apps.googleusercontent.com",
              "client_type": 3
            }
          ]
        }
      }
    }
  ],
  "configuration_version": "1"
}